{
"Alabama": ["Birmingham", "Montgomery", "Huntsville", "Mobile", "Tuscaloosa"],
  "Alaska": ["Anchorage", "Juneau", "Fairbanks", "Kachemak", "Barrow"],
  "Arizona": ["Phoenix", "Tucson", "Mesa", "Chandler", "Scottsdale"],
  "Arkansas": ["Little Rock", "Fort Smith", "Fayetteville", "Springdale", "Jonesboro"],
  "California": ["Los Angeles", "San Francisco", "San Diego", "Sacramento", "San Jose"],
  "Colorado": ["Denver", "Colorado Springs", "Aurora", "Fort Collins", "Lakewood"],
  "Connecticut": ["Bridgeport", "New Haven", "Hartford", "Stamford", "Norwalk"],
  "Delaware": ["Wilmington", "Dover", "Newark", "Middletown", "Smyrna"],
  "District of Columbia": ["Washington"],
  "Florida": ["Miami", "Tampa", "Orlando", "Jacksonville", "Fort Lauderdale"],
  "Georgia": ["Atlanta", "Savannah", "Augusta", "Columbus", "Athens"],
  "Hawaii": ["Honolulu", "Pearl City", "Kailua", "Wailuku", "Lihue"],
  "Idaho": ["Boise", "Meridian", "Pocatello", "Idaho Falls", "Nampa"],
  "Illinois": ["Chicago", "Aurora", "Rockford", "Joliet", "Naperville"],
  "Indiana": ["Indianapolis", "Fort Wayne", "Evansville", "South Bend", "Miscellanea"],
  "Iowa": ["Des Moines", "Cedar Rapids", "Davenport", "Sioux City", "Iowa City"],
  "Kansas": ["Kansas City", "Wichita", "Overland Park", "Topeka", "Olathe"],
  "Kentucky": ["Louisville", "Lexington", "Bowling Green", "Covington", "Owensboro"],
  "Louisiana": ["New Orleans", "Baton Rouge", "Shreveport", "Lafayette", "Alexandria"],
  "Maine": ["Portland", "Lewiston", "Bangor", "South Portland", "Auburn"],
  "Maryland": ["Baltimore", "Frederick", "Rockville", "Gaithersburg", "Bowie"],
  "Massachusetts": ["Boston", "Worcester", "Springfield", "Lowell", "Cambridge"],
  "Michigan": ["Detroit", "Grand Rapids", "Warren", "Sterling Heights", "Ann Arbor"],
  "Minnesota": ["Minneapolis", "St. Paul", "Rochester", "Duluth", "Bloomington"],
  "Mississippi": ["Jackson", "Gulfport", "Biloxi", "Hattiesburg", "Meridian"],
  "Missouri": ["Kansas City", "St. Louis", "Springfield", "Columbia", "Independence"],
  "Montana": ["Billings", "Missoula", "Great Falls", "Bozeman", "Butte"],
  "Nebraska": ["Omaha", "Lincoln", "Grand Island", "Kearney", "Fremont"],
  "Nevada": ["Las Vegas", "Henderson", "Reno", "North Las Vegas", "Carson City"],
  "New Hampshire": ["Manchester", "Nashua", "Concord", "Portsmouth", "Derry"],
  "New Jersey": ["Newark", "Jersey City", "Paterson", "Elizabeth", "Trenton"],
  "New Mexico": ["Albuquerque", "Las Cruces", "Santa Fe", "Rio Rancho", "Roswell"],
  "New York": ["New York City", "Buffalo", "Rochester", "Yonkers", "Syracuse"],
  "North Carolina": ["Charlotte", "Raleigh", "Greensboro", "Durham", "Winston-Salem"],
  "North Dakota": ["Bismarck", "Fargo", "Grand Forks", "Minot", "Williston"],
  "Ohio": ["Columbus", "Cleveland", "Cincinnati", "Toledo", "Akron"],
  "Oklahoma": ["Oklahoma City", "Tulsa", "Norman", "Broken Arrow", "Edmond"],
  "Oregon": ["Portland", "Eugene", "Salem", "Gresham", "Hillsboro"],
  "Pennsylvania": ["Philadelphia", "Pittsburgh", "Allentown", "Erie", "Reading"],
  "Rhode Island": ["Providence", "Warwick", "Cranston", "Pawtucket", "East Providence"],
  "South Carolina": ["Charleston", "Columbia", "Greenville", "Myrtle Beach", "Spartanburg"],
  "South Dakota": ["Sioux Falls", "Rapid City", "Aberdeen", "Brookings", "Watertown"],
  "Tennessee": ["Nashville", "Memphis", "Knoxville", "Chattanooga", "Clarksville"],
  "Texas": ["Houston", "Dallas", "Austin", "San Antonio", "Fort Worth"],
  "Utah": ["Salt Lake City", "Provo", "West Valley City", "Ogden", "Orem"],
  "Vermont": ["Burlington", "Rutland", "Barre", "Montpelier", "Brattleboro"],
  "Virginia": ["Virginia Beach", "Richmond", "Arlington", "Alexandria", "Roanoke"],
  "Washington": ["Seattle", "Spokane", "Tacoma", "Vancouver", "Bellevue"],
  "West Virginia": ["Charleston", "Huntington", "Parkersburg", "Morgantown", "Beckley"],
  "Wisconsin": ["Milwaukee", "Madison", "Green Bay", "Kenosha", "Racine"],
  "Wyoming": ["Cheyenne", "Casper", "Laramie", "Gillette", "Rock Springs"]
}
