{
  "TP HÀ NỘI": [
    { "name": "Ba Đình", "zip": "" },
    { "name": "Hoàn Kiếm", "zip": "" },
    { "name": "Đống Đa", "zip": "" },
    { "name": "Hai Bà Trưng", "zip": "" },
    { "name": "Tây Hồ", "zip": "" },
    { "name": "Long Biên", "zip": "" },
    { "name": "Hoàng Mai", "zip": "" },
    { "name": "Thanh Xuân", "zip": "" },
    { "name": "Cầu Giấy", "zip": "" },
    { "name": "Nam Từ Liêm", "zip": "" },
    { "name": "Bắc Từ Liêm", "zip": "" },
    { "name": "Hà Đông", "zip": "" },
    { "name": "Sơn Tây", "zip": "" },
    { "name": "Ba Vì", "zip": "" },
    { "name": "Chương Mỹ", "zip": "" },
    { "name": "Đan Phượng", "zip": "" },
    { "name": "Đông Anh", "zip": "" },
    { "name": "Gia Lâm", "zip": "" },
    { "name": "Hoài Đức", "zip": "" },
    { "name": "Mê Linh", "zip": "" },
    { "name": "Mỹ Đức", "zip": "" },
    { "name": "Phú Xuyên", "zip": "" },
    { "name": "Phúc Thọ", "zip": "" },
    { "name": "Quốc Oai", "zip": "" },
    { "name": "Sóc Sơn", "zip": "" },
    { "name": "Thạch Thất", "zip": "" },
    { "name": "Thanh Oai", "zip": "" },
    { "name": "Thanh Trì", "zip": "" },
    { "name": "Thường Tín", "zip": "" },
    { "name": "Ứng Hòa", "zip": "" }
  ],
  "TP HỒ CHÍ MINH": [
    { "name": "Quận 1", "zip": "" },
    { "name": "Quận 3", "zip": "" },
    { "name": "Quận 4", "zip": "" },
    { "name": "Quận 5", "zip": "" },
    { "name": "Quận 6", "zip": "" },
    { "name": "Quận 7", "zip": "" },
    { "name": "Quận 8", "zip": "" },
    { "name": "Quận 10", "zip": "" },
    { "name": "Quận 11", "zip": "" },
    { "name": "Quận 12", "zip": "" },
    { "name": "Bình Thạnh", "zip": "" },
    { "name": "Tân Bình", "zip": "" },
    { "name": "Tân Phú", "zip": "" },
    { "name": "Phú Nhuận", "zip": "" },
    { "name": "Gò Vấp", "zip": "" },
    { "name": "Bình Tân", "zip": "" },
    { "name": "TP Thủ Đức", "zip": "" },
    { "name": "Củ Chi", "zip": "" },
    { "name": "Hóc Môn", "zip": "" },
    { "name": "Bình Chánh", "zip": "" },
    { "name": "Nhà Bè", "zip": "" },
    { "name": "Cần Giờ", "zip": "" },
    { "name": "Thủ Dầu Một", "zip": "" },
    { "name": "Dĩ An", "zip": "" },
    { "name": "Thuận An", "zip": "" },
    { "name": "Bến Cát", "zip": "" },
    { "name": "Tân Uyên", "zip": "" },
    { "name": "Bàu Bàng", "zip": "" },
    { "name": "Bắc Tân Uyên", "zip": "" },
    { "name": "Dầu Tiếng", "zip": "" },
    { "name": "Phú Giáo", "zip": "" },
    { "name": "Vũng Tàu", "zip": "" },
    { "name": "Bà Rịa", "zip": "" },
    { "name": "Phú Mỹ", "zip": "" },
    { "name": "Long Điền", "zip": "" },
    { "name": "Đất Đỏ", "zip": "" },
    { "name": "Châu Đức", "zip": "" },
    { "name": "Xuyên Mộc", "zip": "" },
    { "name": "Côn Đảo", "zip": "" }
  ],
  "TP HẢI PHÒNG": [
    { "name": "Đồ Sơn", "zip": "" },
    { "name": "Dương Kinh", "zip": "" },
    { "name": "Hải An", "zip": "" },
    { "name": "Hồng Bàng", "zip": "" },
    { "name": "Kiến An", "zip": "" },
    { "name": "Lê Chân", "zip": "" },
    { "name": "Ngô Quyền", "zip": "" },
    { "name": "An Dương", "zip": "" },
    { "name": "An Lão", "zip": "" },
    { "name": "Bạch Long Vĩ", "zip": "" },
    { "name": "Cát Hải", "zip": "" },
    { "name": "Kiến Thụy", "zip": "" },
    { "name": "Thủy Nguyên", "zip": "" },
    { "name": "Tiên Lãng", "zip": "" },
    { "name": "Vĩnh Bảo", "zip": "" },
    { "name": "Hải Dương", "zip": "" },
    { "name": "Chí Linh", "zip": "" },
    { "name": "Kinh Môn", "zip": "" },
    { "name": "Bình Giang", "zip": "" },
    { "name": "Cẩm Giàng", "zip": "" },
    { "name": "Gia Lộc", "zip": "" },
    { "name": "Kim Thành", "zip": "" },
    { "name": "Nam Sách", "zip": "" },
    { "name": "Ninh Giang", "zip": "" },
    { "name": "Thanh Hà", "zip": "" },
    { "name": "Thanh Miện", "zip": "" },
    { "name": "Tứ Kỳ", "zip": "" }
  ],
  "TP ĐÀ NẴNG": [
    { "name": "Hải Châu", "zip": "" },
    { "name": "Cẩm Lệ", "zip": "" },
    { "name": "Thanh Khê", "zip": "" },
    { "name": "Liên Chiểu", "zip": "" },
    { "name": "Ngũ Hành Sơn", "zip": "" },
    { "name": "Sơn Trà", "zip": "" },
    { "name": "Hòa Vang", "zip": "" },
    { "name": "Hoàng Sa", "zip": "" },
    { "name": "Tam Kỳ", "zip": "" },
    { "name": "Hội An", "zip": "" },
    { "name": "Điện Bàn", "zip": "" },
    { "name": "Bắc Trà My", "zip": "" },
    { "name": "Đại Lộc", "zip": "" },
    { "name": "Đông Giang", "zip": "" },
    { "name": "Duy Xuyên", "zip": "" },
    { "name": "Hiệp Đức", "zip": "" },
    { "name": "Nam Giang", "zip": "" },
    { "name": "Nam Trà My", "zip": "" },
    { "name": "Nông Sơn", "zip": "" },
    { "name": "Núi Thành", "zip": "" },
    { "name": "Phú Ninh", "zip": "" },
    { "name": "Phước Sơn", "zip": "" },
    { "name": "Quế Sơn", "zip": "" },
    { "name": "Tây Giang", "zip": "" },
    { "name": "Thăng Bình", "zip": "" },
    { "name": "Tiên Phước", "zip": "" }
  ],
  "TP CẦN THƠ": [
    { "name": "Ninh Kiều", "zip": "" },
    { "name": "Bình Thủy", "zip": "" },
    { "name": "Cái Răng", "zip": "" },
    { "name": "Ô Môn", "zip": "" },
    { "name": "Thốt Nốt", "zip": "" },
    { "name": "Cờ Đỏ", "zip": "" },
    { "name": "Phong Điền", "zip": "" },
    { "name": "Thới Lai", "zip": "" },
    { "name": "Vĩnh Thạnh", "zip": "" },
    { "name": "Vị Thanh", "zip": "" },
    { "name": "Ngã Bảy", "zip": "" },
    { "name": "Long Mỹ", "zip": "" },
    { "name": "Châu Thành (HG)", "zip": "" },
    { "name": "Châu Thành A", "zip": "" },
    { "name": "Phụng Hiệp", "zip": "" },
    { "name": "Vị Thủy", "zip": "" },
    { "name": "Sóc Trăng", "zip": "" },
    { "name": "Ngã Năm", "zip": "" },
    { "name": "Vĩnh Châu", "zip": "" },
    { "name": "Cù Lao Dung", "zip": "" },
    { "name": "Kế Sách", "zip": "" },
    { "name": "Long Phú", "zip": "" },
    { "name": "Mỹ Tú", "zip": "" },
    { "name": "Mỹ Xuyên", "zip": "" },
    { "name": "Thạnh Trị", "zip": "" },
    { "name": "Trần Đề", "zip": "" }
  ],
  "TP HUẾ": [
    { "name": "TP Huế", "zip": "" },
    { "name": "Hương Thủy", "zip": "" },
    { "name": "Hương Trà", "zip": "" },
    { "name": "A Lưới", "zip": "" },
    { "name": "Nam Đông", "zip": "" },
    { "name": "Phong Điền", "zip": "" },
    { "name": "Phú Lộc", "zip": "" },
    { "name": "Phú Vang", "zip": "" },
    { "name": "Quảng Điền", "zip": "" }
  ],
  "TỈNH AN GIANG": [
    { "name": "Long Xuyên", "zip": "" },
    { "name": "Châu Đốc", "zip": "" },
    { "name": "Tân Châu", "zip": "" },
    { "name": "Tịnh Biên", "zip": "" },
    { "name": "An Phú", "zip": "" },
    { "name": "Châu Phú", "zip": "" },
    { "name": "Châu Thành (AG)", "zip": "" },
    { "name": "Chợ Mới", "zip": "" },
    { "name": "Phú Tân", "zip": "" },
    { "name": "Thoại Sơn", "zip": "" },
    { "name": "Tri Tôn", "zip": "" },
    { "name": "Rạch Giá", "zip": "" },
    { "name": "Hà Tiên", "zip": "" },
    { "name": "Phú Quốc", "zip": "" },
    { "name": "An Biên", "zip": "" },
    { "name": "An Minh", "zip": "" },
    { "name": "Giang Thành", "zip": "" },
    { "name": "Giồng Riềng", "zip": "" },
    { "name": "Gò Quao", "zip": "" },
    { "name": "Hòn Đất", "zip": "" },
    { "name": "Kiên Hải", "zip": "" },
    { "name": "Kiên Lương", "zip": "" },
    { "name": "Tân Hiệp", "zip": "" },
    { "name": "U Minh Thượng", "zip": "" },
    { "name": "Vĩnh Thuận", "zip": "" }
  ],
  "TỈNH BẮC NINH": [
    { "name": "Bắc Ninh", "zip": "" },
    { "name": "Từ Sơn", "zip": "" },
    { "name": "Thuận Thành", "zip": "" },
    { "name": "Quế Võ", "zip": "" },
    { "name": "Gia Bình", "zip": "" },
    { "name": "Lương Tài", "zip": "" },
    { "name": "Tiên Du", "zip": "" },
    { "name": "Yên Phong", "zip": "" },
    { "name": "Bắc Giang", "zip": "" },
    { "name": "Việt Yên", "zip": "" },
    { "name": "Hiệp Hòa", "zip": "" },
    { "name": "Lạng Giang", "zip": "" },
    { "name": "Lục Nam", "zip": "" },
    { "name": "Lục Ngạn", "zip": "" },
    { "name": "Sơn Động", "zip": "" },
    { "name": "Tân Yên", "zip": "" },
    { "name": "Yên Dũng", "zip": "" },
    { "name": "Yên Thế", "zip": "" }
  ],
  "TỈNH CÀ MAU": [
    { "name": "Cà Mau", "zip": "" },
    { "name": "Cái Nước", "zip": "" },
    { "name": "Đầm Dơi", "zip": "" },
    { "name": "Năm Căn", "zip": "" },
    { "name": "Ngọc Hiển", "zip": "" },
    { "name": "Phú Tân", "zip": "" },
    { "name": "Thới Bình", "zip": "" },
    { "name": "Trần Văn Thời", "zip": "" },
    { "name": "U Minh", "zip": "" },
    { "name": "Bạc Liêu", "zip": "" },
    { "name": "Giá Rai", "zip": "" },
    { "name": "Đông Hải", "zip": "" },
    { "name": "Hòa Bình (BL)", "zip": "" },
    { "name": "Hồng Dân", "zip": "" },
    { "name": "Phước Long", "zip": "" },
    { "name": "Vĩnh Lợi", "zip": "" }
  ],
  "TỈNH CAO BẰNG": [
    { "name": "Cao Bằng", "zip": "" },
    { "name": "Bảo Lạc", "zip": "" },
    { "name": "Bảo Lâm", "zip": "" },
    { "name": "Hạ Lang", "zip": "" },
    { "name": "Hà Quảng", "zip": "" },
    { "name": "Hòa An", "zip": "" },
    { "name": "Nguyên Bình", "zip": "" },
    { "name": "Quảng Hòa", "zip": "" },
    { "name": "Thạch An", "zip": "" },
    { "name": "Trùng Khánh", "zip": "" }
  ],
  "TỈNH ĐẮK LẮK": [
    { "name": "Buôn Ma Thuột", "zip": "" },
    { "name": "Buôn Hồ", "zip": "" },
    { "name": "Buôn Đôn", "zip": "" },
    { "name": "Cư Kuin", "zip": "" },
    { "name": "Cư M'gar", "zip": "" },
    { "name": "Ea H'leo", "zip": "" },
    { "name": "Ea Kar", "zip": "" },
    { "name": "Ea Súp", "zip": "" },
    { "name": "Krông Ana", "zip": "" },
    { "name": "Krông Bông", "zip": "" },
    { "name": "Krông Búk", "zip": "" },
    { "name": "Krông Năng", "zip": "" },
    { "name": "Krông Pắc", "zip": "" },
    { "name": "Lắk", "zip": "" },
    { "name": "M'Drắk", "zip": "" },
    { "name": "Tuy Hòa", "zip": "" },
    { "name": "Đông Hòa", "zip": "" },
    { "name": "Sông Cầu", "zip": "" },
    { "name": "Đổng Xuân", "zip": "" },
    { "name": "Phú Hòa", "zip": "" },
    { "name": "Sơn Hòa", "zip": "" },
    { "name": "Sông Hinh", "zip": "" },
    { "name": "Tây Hòa", "zip": "" },
    { "name": "Tuy An", "zip": "" }
  ],
  "TỈNH ĐIỆN BIÊN": [
    { "name": "Điện Biên Phủ", "zip": "" },
    { "name": "Mường Lay", "zip": "" },
    { "name": "Điện Biên", "zip": "" },
    { "name": "Điện Biên Đông", "zip": "" },
    { "name": "Mường Ảng", "zip": "" },
    { "name": "Mường Chà", "zip": "" },
    { "name": "Mường Nhé", "zip": "" },
    { "name": "Nậm Pồ", "zip": "" },
    { "name": "Tủa Chùa", "zip": "" },
    { "name": "Tuần Giáo", "zip": "" }
  ],
  "TỈNH ĐỒNG NAI": [
    { "name": "Biên Hòa", "zip": "" },
    { "name": "Long Khánh", "zip": "" },
    { "name": "Cẩm Mỹ", "zip": "" },
    { "name": "Định Quán", "zip": "" },
    { "name": "Long Thành", "zip": "" },
    { "name": "Nhơn Trạch", "zip": "" },
    { "name": "Tân Phú", "zip": "" },
    { "name": "Thống Nhất", "zip": "" },
    { "name": "Trảng Bom", "zip": "" },
    { "name": "Vĩnh Cửu", "zip": "" },
    { "name": "Xuân Lộc", "zip": "" },
    { "name": "Đồng Xoài", "zip": "" },
    { "name": "Bình Long", "zip": "" },
    { "name": "Phước Long (Bình Phước)", "zip": "" },
    { "name": "Chơn Thành", "zip": "" },
    { "name": "Bù Đăng", "zip": "" },
    { "name": "Bù Đốp", "zip": "" },
    { "name": "Bù Gia Mập", "zip": "" },
    { "name": "Đồng Phú", "zip": "" },
    { "name": "Hớn Quản", "zip": "" },
    { "name": "Lộc Ninh", "zip": "" },
    { "name": "Phú Riềng", "zip": "" }
  ],
  "TỈNH ĐỒNG THÁP": [
    { "name": "Cao Lãnh", "zip": "" },
    { "name": "Sa Đéc", "zip": "" },
    { "name": "Hồng Ngự", "zip": "" },
    { "name": "Châu Thành (ĐT)", "zip": "" },
    { "name": "Lai Vung", "zip": "" },
    { "name": "Lấp Vò", "zip": "" },
    { "name": "Tam Nông", "zip": "" },
    { "name": "Tân Hồng", "zip": "" },
    { "name": "Thanh Bình", "zip": "" },
    { "name": "Tháp Mười", "zip": "" },
    { "name": "Mỹ Tho", "zip": "" },
    { "name": "Cai Lậy", "zip": "" },
    { "name": "Gò Công", "zip": "" },
    { "name": "Cái Bè", "zip": "" },
    { "name": "Chợ Gạo", "zip": "" },
    { "name": "Gò Công Đông", "zip": "" },
    { "name": "Gò Công Tây", "zip": "" },
    { "name": "Tân Phú Đông", "zip": "" },
    { "name": "Tân Phước", "zip": "" }
  ],
  "TỈNH GIA LAI": [
    { "name": "Pleiku", "zip": "" },
    { "name": "An Khê", "zip": "" },
    { "name": "Ayun Pa", "zip": "" },
    { "name": "Chư Păh", "zip": "" },
    { "name": "Chư Prông", "zip": "" },
    { "name": "Chư Pưh", "zip": "" },
    { "name": "Chư Sê", "zip": "" },
    { "name": "Đak Đoa", "zip": "" },
    { "name": "Đak Pơ", "zip": "" },
    { "name": "Đức Cơ", "zip": "" },
    { "name": "Ia Grai", "zip": "" },
    { "name": "Ia Pa", "zip": "" },
    { "name": "Kbang", "zip": "" },
    { "name": "Kông Chro", "zip": "" },
    { "name": "Krông Pa", "zip": "" },
    { "name": "Mang Yang", "zip": "" },
    { "name": "Phú Thiện", "zip": "" },
    { "name": "Quy Nhơn", "zip": "" },
    { "name": "An Nhơn", "zip": "" },
    { "name": "Hoài Nhơn", "zip": "" },
    { "name": "An Lão (BD)", "zip": "" },
    { "name": "Hoài Ân", "zip": "" },
    { "name": "Phù Cát", "zip": "" },
    { "name": "Phù Mỹ", "zip": "" },
    { "name": "Tây Sơn", "zip": "" },
    { "name": "Tuy Phước", "zip": "" },
    { "name": "Vân Canh", "zip": "" },
    { "name": "Vĩnh Thạnh", "zip": "" }
  ],
  "TỈNH HÀ TĨNH": [
    { "name": "Hà Tĩnh", "zip": "" },
    { "name": "Hồng Lĩnh", "zip": "" },
    { "name": "Kỳ Anh", "zip": "" },
    { "name": "Cẩm Xuyên", "zip": "" },
    { "name": "Can Lộc", "zip": "" },
    { "name": "Đức Thọ", "zip": "" },
    { "name": "Hương Khê", "zip": "" },
    { "name": "Hương Sơn", "zip": "" },
    { "name": "Lộc Hà", "zip": "" },
    { "name": "Nghi Xuân", "zip": "" },
    { "name": "Thạch Hà", "zip": "" },
    { "name": "Vũ Quang", "zip": "" }
  ],
  "TỈNH HƯNG YÊN": [
    { "name": "Hưng Yên", "zip": "" },
    { "name": "Mỹ Hào", "zip": "" },
    { "name": "Ân Thi", "zip": "" },
    { "name": "Khoái Châu", "zip": "" },
    { "name": "Kim Động", "zip": "" },
    { "name": "Phù Cừ", "zip": "" },
    { "name": "Tiên Lữ", "zip": "" },
    { "name": "Văn Giang", "zip": "" },
    { "name": "Văn Lâm", "zip": "" },
    { "name": "Yên Mỹ", "zip": "" },
    { "name": "Thái Bình", "zip": "" },
    { "name": "Đông Hưng", "zip": "" },
    { "name": "Hưng Hà", "zip": "" },
    { "name": "Kiến Xương", "zip": "" },
    { "name": "Quỳnh Phụ", "zip": "" },
    { "name": "Thái Thụy", "zip": "" },
    { "name": "Tiền Hải", "zip": "" },
    { "name": "Vũ Thư", "zip": "" }
  ],
  "TỈNH KHÁNH HÒA": [
    { "name": "Nha Trang", "zip": "" },
    { "name": "Cam Ranh", "zip": "" },
    { "name": "Ninh Hòa", "zip": "" },
    { "name": "Cam Lâm", "zip": "" },
    { "name": "Diên Khánh", "zip": "" },
    { "name": "Khánh Sơn", "zip": "" },
    { "name": "Khánh Vĩnh", "zip": "" },
    { "name": "Trường Sa", "zip": "" },
    { "name": "Vạn Ninh", "zip": "" },
    { "name": "Phan Rang - Tháp Chàm", "zip": "" },
    { "name": "Bác Ái", "zip": "" },
    { "name": "Ninh Hải", "zip": "" },
    { "name": "Ninh Phước", "zip": "" },
    { "name": "Ninh Sơn", "zip": "" },
    { "name": "Thuận Bắc", "zip": "" },
    { "name": "Thuận Nam", "zip": "" }
  ],
  "TỈNH LAI CHÂU": [
    { "name": "Lai Châu", "zip": "" },
    { "name": "Mường Tè", "zip": "" },
    { "name": "Nậm Nhùn", "zip": "" },
    { "name": "Phong Thổ", "zip": "" },
    { "name": "Sìn Hồ", "zip": "" },
    { "name": "Tam Đường", "zip": "" },
    { "name": "Tân Uyên (LC)", "zip": "" },
    { "name": "Than Uyên", "zip": "" }
  ],
  "TỈNH LÂM ĐỒNG": [
    { "name": "Đà Lạt", "zip": "" },
    { "name": "Bảo Lộc", "zip": "" },
    { "name": "Bảo Lâm (LD)", "zip": "" },
    { "name": "Cát Tiên", "zip": "" },
    { "name": "Đạ Huoai", "zip": "" },
    { "name": "Đạ Tẻh", "zip": "" },
    { "name": "Đam Rông", "zip": "" },
    { "name": "Di Linh", "zip": "" },
    { "name": "Đơn Dương", "zip": "" },
    { "name": "Đức Trọng", "zip": "" },
    { "name": "Lạc Dương", "zip": "" },
    { "name": "Lâm Hà", "zip": "" },
    { "name": "Phan Thiết", "zip": "" },
    { "name": "La Gi", "zip": "" },
    { "name": "Bắc Bình", "zip": "" },
    { "name": "Đức Linh", "zip": "" },
    { "name": "Hàm Tân", "zip": "" },
    { "name": "Hàm Thuận Bắc", "zip": "" },
    { "name": "Hàm Thuận Nam", "zip": "" },
    { "name": "Phú Quý", "zip": "" },
    { "name": "Tánh Linh", "zip": "" },
    { "name": "Tuy Phong", "zip": "" },
    { "name": "Gia Nghĩa", "zip": "" },
    { "name": "Cư Jút", "zip": "" },
    { "name": "Đắk Glong", "zip": "" },
    { "name": "Đắk Mil", "zip": "" },
    { "name": "Đắk R'lấp", "zip": "" },
    { "name": "Đắk Song", "zip": "" },
    { "name": "Krông Nô", "zip": "" },
    { "name": "Tuy Đức", "zip": "" }
  ],
  "TỈNH LẠNG SƠN": [
    { "name": "Lạng Sơn", "zip": "" },
    { "name": "Bắc Sơn", "zip": "" },
    { "name": "Bình Gia", "zip": "" },
    { "name": "Cao Lộc", "zip": "" },
    { "name": "Chi Lăng", "zip": "" },
    { "name": "Đình Lập", "zip": "" },
    { "name": "Hữu Lũng", "zip": "" },
    { "name": "Lộc Bình", "zip": "" },
    { "name": "Tràng Định", "zip": "" },
    { "name": "Văn Lãng", "zip": "" },
    { "name": "Văn Quan", "zip": "" }
  ],
  "TỈNH LÀO CAI": [
    { "name": "Lào Cai", "zip": "" },
    { "name": "Sa Pa", "zip": "" },
    { "name": "Bảo Thắng", "zip": "" },
    { "name": "Bảo Yên", "zip": "" },
    { "name": "Bát Xát", "zip": "" },
    { "name": "Bắc Hà", "zip": "" },
    { "name": "Mường Khương", "zip": "" },
    { "name": "Si Ma Cai", "zip": "" },
    { "name": "Văn Bàn", "zip": "" },
    { "name": "Yên Bái", "zip": "" },
    { "name": "Nghĩa Lộ", "zip": "" },
    { "name": "Lục Yên", "zip": "" },
    { "name": "Mù Cang Chải", "zip": "" },
    { "name": "Trạm Tấu", "zip": "" },
    { "name": "Trấn Yên", "zip": "" },
    { "name": "Văn Chấn", "zip": "" },
    { "name": "Văn Yên", "zip": "" },
    { "name": "Yên Bình", "zip": "" }
  ],
  "TỈNH NGHỆ AN": [
    { "name": "Vinh", "zip": "" },
    { "name": "Cửa Lò", "zip": "" },
    { "name": "Hoàng Mai", "zip": "" },
    { "name": "Thái Hòa", "zip": "" },
    { "name": "Anh Sơn", "zip": "" },
    { "name": "Con Cuông", "zip": "" },
    { "name": "Diễn Châu", "zip": "" },
    { "name": "Đô Lương", "zip": "" },
    { "name": "Hưng Nguyên", "zip": "" },
    { "name": "Kỳ Sơn", "zip": "" },
    { "name": "Nam Đàn", "zip": "" },
    { "name": "Nghi Lộc", "zip": "" },
    { "name": "Nghĩa Đàn", "zip": "" },
    { "name": "Quế Phong", "zip": "" },
    { "name": "Quỳ Châu", "zip": "" },
    { "name": "Quỳ Hợp", "zip": "" },
    { "name": "Quỳnh Lưu", "zip": "" },
    { "name": "Tân Kỳ", "zip": "" },
    { "name": "Thanh Chương", "zip": "" },
    { "name": "Tương Dương", "zip": "" },
    { "name": "Yên Thành", "zip": "" }
  ],
  "TỈNH NINH BÌNH": [
    { "name": "Ninh Bình", "zip": "" },
    { "name": "Tam Điệp", "zip": "" },
    { "name": "Gia Viễn", "zip": "" },
    { "name": "Hoa Lư", "zip": "" },
    { "name": "Kim Sơn", "zip": "" },
    { "name": "Nho Quan", "zip": "" },
    { "name": "Yên Khánh", "zip": "" },
    { "name": "Yên Mô", "zip": "" },
    { "name": "Nam Định", "zip": "" },
    { "name": "Giao Thủy", "zip": "" },
    { "name": "Hải Hậu", "zip": "" },
    { "name": "Mỹ Lộc", "zip": "" },
    { "name": "Nam Trực", "zip": "" },
    { "name": "Nghĩa Hưng", "zip": "" },
    { "name": "Trực Ninh", "zip": "" },
    { "name": "Vụ Bản", "zip": "" },
    { "name": "Xuân Trường", "zip": "" },
    { "name": "Ý Yên", "zip": "" },
    { "name": "Phủ Lý", "zip": "" },
    { "name": "Duy Tiên", "zip": "" },
    { "name": "Bình Lục", "zip": "" },
    { "name": "Kim Bảng", "zip": "" },
    { "name": "Lý Nhân", "zip": "" },
    { "name": "Thanh Liêm", "zip": "" }
  ],
  "TỈNH PHÚ THỌ": [
    { "name": "Việt Trì", "zip": "" },
    { "name": "Phú Thọ (TX)", "zip": "" },
    { "name": "Cẩm Khê", "zip": "" },
    { "name": "Đoan Hùng", "zip": "" },
    { "name": "Hạ Hòa", "zip": "" },
    { "name": "Lâm Thao", "zip": "" },
    { "name": "Phù Ninh", "zip": "" },
    { "name": "Tam Nông (PT)", "zip": "" },
    { "name": "Tân Sơn", "zip": "" },
    { "name": "Thanh Ba", "zip": "" },
    { "name": "Thanh Sơn", "zip": "" },
    { "name": "Thanh Thủy", "zip": "" },
    { "name": "Yên Lập", "zip": "" },
    { "name": "Vĩnh Yên", "zip": "" },
    { "name": "Phúc Yên", "zip": "" },
    { "name": "Bình Xuyên", "zip": "" },
    { "name": "Lập Thạch", "zip": "" },
    { "name": "Sông Lô", "zip": "" },
    { "name": "Tam Đảo", "zip": "" },
    { "name": "Tam Dương", "zip": "" },
    { "name": "Vĩnh Tường", "zip": "" },
    { "name": "Yên Lạc", "zip": "" },
    { "name": "Hòa Bình (HB)", "zip": "" },
    { "name": "Cao Phong", "zip": "" },
    { "name": "Đà Bắc", "zip": "" },
    { "name": "Kim Bôi", "zip": "" },
    { "name": "Lạc Sơn", "zip": "" },
    { "name": "Lạc Thủy", "zip": "" },
    { "name": "Lương Sơn", "zip": "" },
    { "name": "Mai Châu", "zip": "" },
    { "name": "Tân Lạc", "zip": "" },
    { "name": "Yên Thủy", "zip": "" }
  ],
  "TỈNH QUẢNG NGÃI": [
    { "name": "Quảng Ngãi", "zip": "" },
    { "name": "Đức Phổ", "zip": "" },
    { "name": "Ba Tơ", "zip": "" },
    { "name": "Bình Sơn", "zip": "" },
    { "name": "Lý Sơn", "zip": "" },
    { "name": "Minh Long", "zip": "" },
    { "name": "Mộ Đức", "zip": "" },
    { "name": "Nghĩa Hành", "zip": "" },
    { "name": "Sơn Hà", "zip": "" },
    { "name": "Sơn Tây (QN)", "zip": "" },
    { "name": "Sơn Tịnh", "zip": "" },
    { "name": "Trà Bồng", "zip": "" },
    { "name": "Tư Nghĩa", "zip": "" },
    { "name": "Kon Tum", "zip": "" },
    { "name": "Đắk Glei", "zip": "" },
    { "name": "Đắk Hà", "zip": "" },
    { "name": "Đắk Tô", "zip": "" },
    { "name": "Ia H'Drai", "zip": "" },
    { "name": "Kon Plông", "zip": "" },
    { "name": "Kon Rẫy", "zip": "" },
    { "name": "Ngọc Hồi", "zip": "" },
    { "name": "Sa Thầy", "zip": "" },
    { "name": "Tu Mơ Rông", "zip": "" }
  ],
  "TỈNH QUẢNG NINH": [
    { "name": "Hạ Long", "zip": "" },
    { "name": "Móng Cái", "zip": "" },
    { "name": "Uông Bí", "zip": "" },
    { "name": "Cẩm Phả", "zip": "" },
    { "name": "Quảng Yên", "zip": "" },
    { "name": "Đông Triều", "zip": "" },
    { "name": "Ba Chẽ", "zip": "" },
    { "name": "Bình Liêu", "zip": "" },
    { "name": "Cô Tô", "zip": "" },
    { "name": "Đầm Hà", "zip": "" },
    { "name": "Hải Hà", "zip": "" },
    { "name": "Tiên Yên", "zip": "" },
    { "name": "Vân Đồn", "zip": "" }
  ],
  "TỈNH QUẢNG TRỊ": [
    { "name": "Đông Hà", "zip": "" },
    { "name": "Quảng Trị (TX)", "zip": "" },
    { "name": "Cam Lộ", "zip": "" },
    { "name": "Cồn Cỏ", "zip": "" },
    { "name": "Đakrông", "zip": "" },
    { "name": "Gio Linh", "zip": "" },
    { "name": "Hải Lăng", "zip": "" },
    { "name": "Hướng Hóa", "zip": "" },
    { "name": "Triệu Phong", "zip": "" },
    { "name": "Vĩnh Linh", "zip": "" },
    { "name": "Đồng Hới", "zip": "" },
    { "name": "Ba Đình", "zip": "" }
  ],
  "TỈNH SƠN LA": [
    { "name": "Sơn La", "zip": "" },
    { "name": "Bắc Yên", "zip": "" },
    { "name": "Mai Sơn", "zip": "" },
    { "name": "Mộc Châu", "zip": "" },
    { "name": "Mường La", "zip": "" },
    { "name": "Phù Yên", "zip": "" },
    { "name": "Quỳnh Nhai", "zip": "" },
    { "name": "Sông Mã", "zip": "" },
    { "name": "Sốp Cộp", "zip": "" },
    { "name": "Thuận Châu", "zip": "" },
    { "name": "Vân Hồ", "zip": "" },
    { "name": "Yên Châu", "zip": "" }
  ],
  "TỈNH TÂY NINH": [
    { "name": "Tây Ninh", "zip": "" },
    { "name": "Hòa Thành", "zip": "" },
    { "name": "Trảng Băng", "zip": "" },
    { "name": "Bến Cầu", "zip": "" },
    { "name": "Châu Thành (TN)", "zip": "" },
    { "name": "Dương Minh Châu", "zip": "" },
    { "name": "Gò Dầu", "zip": "" },
    { "name": "Tân Biên", "zip": "" },
    { "name": "Tân Châu (TN)", "zip": "" },
    { "name": "Tân An", "zip": "" },
    { "name": "Kiến Tường", "zip": "" },
    { "name": "Bến Lức", "zip": "" },
    { "name": "Cần Đước", "zip": "" },
    { "name": "Cần Giuộc", "zip": "" },
    { "name": "Châu Thành (LA)", "zip": "" },
    { "name": "Đức Huệ", "zip": "" },
    { "name": "Đức Hòa", "zip": "" },
    { "name": "Mộc Hóa", "zip": "" },
    { "name": "Tân Hưng", "zip": "" },
    { "name": "Tân Thạnh", "zip": "" },
    { "name": "Tân Trụ", "zip": "" },
    { "name": "Thạnh Hóa", "zip": "" },
    { "name": "Thủ Thừa", "zip": "" },
    { "name": "Vĩnh Hưng", "zip": "" }
  ],
  "TỈNH THÁI NGUYÊN": [
    { "name": "Thái Nguyên", "zip": "" },
    { "name": "Phổ Yên", "zip": "" },
    { "name": "Sông Công", "zip": "" },
    { "name": "Đại Từ", "zip": "" },
    { "name": "Định Hóa", "zip": "" },
    { "name": "Đồng Hỷ", "zip": "" },
    { "name": "Phú Bình", "zip": "" },
    { "name": "Phú Lương", "zip": "" },
    { "name": "Võ Nhai", "zip": "" },
    { "name": "Bắc Kạn", "zip": "" },
    { "name": "Ba Bể", "zip": "" },
    { "name": "Bạch Thông", "zip": "" },
    { "name": "Chợ Đồn", "zip": "" },
    { "name": "Chợ Mới (BK)", "zip": "" },
    { "name": "Na Rì", "zip": "" },
    { "name": "Ngân Sơn", "zip": "" },
    { "name": "Pác Nặm", "zip": "" }
  ],
  "TỈNH THANH HÓA": [
    { "name": "Thanh Hóa", "zip": "" },
    { "name": "Sầm Sơn", "zip": "" },
    { "name": "Bỉm Sơn", "zip": "" },
    { "name": "Nghi Sơn", "zip": "" },
    { "name": "Bá Thước", "zip": "" },
    { "name": "Cẩm Thủy", "zip": "" },
    { "name": "Đông Sơn", "zip": "" },
    { "name": "Hà Trung", "zip": "" },
    { "name": "Hậu Lộc", "zip": "" },
    { "name": "Hoằng Hóa", "zip": "" },
    { "name": "Lang Chánh", "zip": "" },
    { "name": "Mường Lát", "zip": "" },
    { "name": "Nga Sơn", "zip": "" },
    { "name": "Ngọc Lặc", "zip": "" },
    { "name": "Như Thanh", "zip": "" },
    { "name": "Như Xuân", "zip": "" },
    { "name": "Nông Cống", "zip": "" },
    { "name": "Quan Hóa", "zip": "" },
    { "name": "Quan Sơn", "zip": "" },
    { "name": "Quảng Xương", "zip": "" },
    { "name": "Thạch Thành", "zip": "" },
    { "name": "Thiệu Hóa", "zip": "" },
    { "name": "Thọ Xuân", "zip": "" },
    { "name": "Thường Xuân", "zip": "" },
    { "name": "Triệu Sơn", "zip": "" },
    { "name": "Vĩnh Lộc", "zip": "" },
    { "name": "Yên Định", "zip": "" }
  ],
  "TỈNH TUYÊN QUANG": [
    { "name": "Tuyên Quang", "zip": "" },
    { "name": "Chiêm Hóa", "zip": "" },
    { "name": "Hàm Yên", "zip": "" },
    { "name": "Lâm Bình", "zip": "" },
    { "name": "Na Hang", "zip": "" },
    { "name": "Sơn Dương", "zip": "" },
    { "name": "Yên Sơn", "zip": "" },
    { "name": "Hà Giang", "zip": "" },
    { "name": "Bắc Mê", "zip": "" },
    { "name": "Bắc Quang", "zip": "" },
    { "name": "Đồng Văn", "zip": "" },
    { "name": "Hoằng Su Phì", "zip": "" },
    { "name": "Mèo Vạc", "zip": "" },
    { "name": "Quản Bạ", "zip": "" },
    { "name": "Quang Bình", "zip": "" },
    { "name": "Vị Xuyên", "zip": "" },
    { "name": "Xín Mần", "zip": "" },
    { "name": "Yên Minh", "zip": "" }
  ],
  "TỈNH VĨNH LONG": [
    { "name": "Vĩnh Long", "zip": "" },
    { "name": "Bình Minh", "zip": "" },
    { "name": "Bình Tân (VL)", "zip": "" },
    { "name": "Long Hồ", "zip": "" },
    { "name": "Mang Thít", "zip": "" },
    { "name": "Tam Bình", "zip": "" },
    { "name": "Trà Ôn", "zip": "" },
    { "name": "Vũng Liêm", "zip": "" },
    { "name": "Trà Vinh", "zip": "" },
    { "name": "Duyên Hải", "zip": "" },
    { "name": "Càng Long", "zip": "" },
    { "name": "Cầu Kè", "zip": "" },
    { "name": "Cầu Ngang", "zip": "" },
    { "name": "Châu Thành (TV)", "zip": "" },
    { "name": "Tiểu Cần", "zip": "" },
    { "name": "Trà Cú", "zip": "" },
    { "name": "Bến Tre", "zip": "" },
    { "name": "Ba Tri", "zip": "" },
    { "name": "Bình Đại", "zip": "" },
    { "name": "Châu Thành (BT)", "zip": "" },
    { "name": "Chợ Lách", "zip": "" },
    { "name": "Giồng Trôm", "zip": "" },
    { "name": "Mỏ Cày Bắc", "zip": "" },
    { "name": "Mỏ Cày Nam", "zip": "" },
    { "name": "Thạnh Phú", "zip": "" }
  ]
}

