{
  "TP HÀ NỘI": {
    "districts": [
      "Ba Đình",
      "Hoàn Kiếm",
      "Đống Đa",
      "Hai Bà Trưng",
      "Tây Hồ",
      "Long Biên",
      "Hoàng Mai",
      "Thanh Xuân",
      "Cầu Giấy",
      "Nam Từ Liêm",
      "Bắc Từ Liêm",
      "Hà Đông",
      "Sơn Tây",
      "Ba Vì",
      "Chương Mỹ",
      "Đan Phượng",
      "Đông Anh",
      "Gia Lâm",
      "Hoài Đức",
      "Mê Linh",
      "Mỹ Đức",
      "Phú Xuyên",
      "Phúc Thọ",
      "Quốc Oai",
      "Sóc Sơn",
      "Thạch Thất",
      "Thanh Oai",
      "Thanh Trì",
      "Thường Tín",
      "Ứng Hòa"
    ]
  },
  "TP HỒ CHÍ MINH": {
    "districts": [
      "Quận 1",
      "Quận 3",
      "Quận 4",
      "Quận 5",
      "Quận 6",
      "Quận 7",
      "Quận 8",
      "Quận 10",
      "Quận 11",
      "Quận 12",
      "Bình Thạnh",
      "Tân Bình",
      "Tân Phú",
      "Phú Nhuận",
      "Gò Vấp",
      "Bình Tân",
      "TP Thủ Đức",
      "Củ Chi",
      "Hóc Môn",
      "Bình Chánh",
      "Nhà Bè",
      "Cần Giờ",
      "Thủ Dầu Một",
      "Dĩ An",
      "Thuận An",
      "Bến Cát",
      "Tân Uyên",
      "Bàu Bàng",
      "Bắc Tân Uyên",
      "Dầu Tiếng",
      "Phú Giáo",
      "Vũng Tàu",
      "Bà Rịa",
      "Phú Mỹ",
      "Long Điền",
      "Đất Đỏ",
      "Châu Đức",
      "Xuyên Mộc",
      "Côn Đảo"
    ]
  },
  "TP HẢI PHÒNG": {
    "districts": [
      "Đồ Sơn",
      "Dương Kinh",
      "Hải An",
      "Hồng Bàng",
      "Kiến An",
      "Lê Chân",
      "Ngô Quyền",
      "An Dương",
      "An Lão",
      "Bạch Long Vĩ",
      "Cát Hải",
      "Kiến Thụy",
      "Thủy Nguyên",
      "Tiên Lãng",
      "Vĩnh Bảo",
      "Hải Dương",
      "Chí Linh",
      "Kinh Môn",
      "Bình Giang",
      "Cẩm Giàng",
      "Gia Lộc",
      "Kim Thành",
      "Nam Sách",
      "Ninh Giang",
      "Thanh Hà",
      "Thanh Miện",
      "Tứ Kỳ"
    ]
  },
  "TP ĐÀ NẴNG": {
    "districts": [
      "Hải Châu",
      "Cẩm Lệ",
      "Thanh Khê",
      "Liên Chiểu",
      "Ngũ Hành Sơn",
      "Sơn Trà",
      "Hòa Vang",
      "Hoàng Sa",
      "Tam Kỳ",
      "Hội An",
      "Điện Bàn",
      "Bắc Trà My",
      "Đại Lộc",
      "Đông Giang",
      "Duy Xuyên",
      "Hiệp Đức",
      "Nam Giang",
      "Nam Trà My",
      "Nông Sơn",
      "Núi Thành",
      "Phú Ninh",
      "Phước Sơn",
      "Quế Sơn",
      "Tây Giang",
      "Thăng Bình",
      "Tiên Phước"
    ]
  },
  "TP CẦN THƠ": {
    "districts": [
      "Ninh Kiều",
      "Bình Thủy",
      "Cái Răng",
      "Ô Môn",
      "Thốt Nốt",
      "Cờ Đỏ",
      "Phong Điền",
      "Thới Lai",
      "Vĩnh Thạnh",
      "Vị Thanh",
      "Ngã Bảy",
      "Long Mỹ",
      "Châu Thành (HG)",
      "Châu Thành A",
      "Phụng Hiệp",
      "Vị Thủy",
      "Sóc Trăng",
      "Ngã Năm",
      "Vĩnh Châu",
      "Cù Lao Dung",
      "Kế Sách",
      "Long Phú",
      "Mỹ Tú",
      "Mỹ Xuyên",
      "Thạnh Trị",
      "Trần Đề"
    ]
  },
  "TP HUẾ": {
    "districts": [
      "TP Huế",
      "Hương Thủy",
      "Hương Trà",
      "A Lưới",
      "Nam Đông",
      "Phong Điền",
      "Phú Lộc",
      "Phú Vang",
      "Quảng Điền"
    ]
  },
  "TỈNH AN GIANG": {
    "districts": [
      "Long Xuyên",
      "Châu Đốc",
      "Tân Châu",
      "Tịnh Biên",
      "An Phú",
      "Châu Phú",
      "Châu Thành (AG)",
      "Chợ Mới",
      "Phú Tân",
      "Thoại Sơn",
      "Tri Tôn",
      "Rạch Giá",
      "Hà Tiên",
      "Phú Quốc",
      "An Biên",
      "An Minh",
      "Giang Thành",
      "Giồng Riềng",
      "Gò Quao",
      "Hòn Đất",
      "Kiên Hải",
      "Kiên Lương",
      "Tân Hiệp",
      "U Minh Thượng",
      "Vĩnh Thuận"
    ]
  },
  "TỈNH BẮC NINH": {
    "districts": [
      "Bắc Ninh",
      "Từ Sơn",
      "Thuận Thành",
      "Quế Võ",
      "Gia Bình",
      "Lương Tài",
      "Tiên Du",
      "Yên Phong",
      "Bắc Giang",
      "Việt Yên",
      "Hiệp Hòa",
      "Lạng Giang",
      "Lục Nam",
      "Lục Ngạn",
      "Sơn Động",
      "Tân Yên",
      "Yên Dũng",
      "Yên Thế"
    ]
  },
  "TỈNH CÀ MAU": {
    "districts": [
      "Cà Mau",
      "Cái Nước",
      "Đầm Dơi",
      "Năm Căn",
      "Ngọc Hiển",
      "Phú Tân",
      "Thới Bình",
      "Trần Văn Thời",
      "U Minh",
      "Bạc Liêu",
      "Giá Rai",
      "Đông Hải",
      "Hòa Bình (BL)",
      "Hồng Dân",
      "Phước Long",
      "Vĩnh Lợi"
    ]
  },
  "TỈNH CAO BẰNG": {
    "districts": [
      "Cao Bằng",
      "Bảo Lạc",
      "Bảo Lâm",
      "Hạ Lang",
      "Hà Quảng",
      "Hòa An",
      "Nguyên Bình",
      "Quảng Hòa",
      "Thạch An",
      "Trùng Khánh"
    ]
  },
  "TỈNH ĐẮK LẮK": {
    "districts": [
      "Buôn Ma Thuột",
      "Buôn Hồ",
      "Buôn Đôn",
      "Cư Kuin",
      "Cư M'gar",
      "Ea H'leo",
      "Ea Kar",
      "Ea Súp",
      "Krông Ana",
      "Krông Bông",
      "Krông Búk",
      "Krông Năng",
      "Krông Pắc",
      "Lắk",
      "M'Drắk",
      "Tuy Hòa",
      "Đông Hòa",
      "Sông Cầu",
      "Đồng Xuân",
      "Phú Hòa",
      "Sơn Hòa",
      "Sông Hinh",
      "Tây Hòa",
      "Tuy An"
    ]
  },
  "TỈNH ĐIỆN BIÊN": {
    "districts": [
      "Điện Biên Phủ",
      "Mường Lay",
      "Điện Biên",
      "Điện Biên Đông",
      "Mường Ảng",
      "Mường Chà",
      "Mường Nhé",
      "Nậm Pồ",
      "Tủa Chùa",
      "Tuần Giáo"
    ]
  },
  "TỈNH ĐỒNG NAI": {
    "districts": [
      "Biên Hòa",
      "Long Khánh",
      "Cẩm Mỹ",
      "Định Quán",
      "Long Thành",
      "Nhơn Trạch",
      "Tân Phú",
      "Thống Nhất",
      "Trảng Bom",
      "Vĩnh Cửu",
      "Xuân Lộc",
      "Đồng Xoài",
      "Bình Long",
      "Phước Long (Bình Phước)",
      "Chơn Thành",
      "Bù Đăng",
      "Bù Đốp",
      "Bù Gia Mập",
      "Đồng Phú",
      "Hớn Quản",
      "Lộc Ninh",
      "Phú Riềng"
    ]
  },
  "TỈNH ĐỒNG THÁP": {
    "districts": [
      "Cao Lãnh",
      "Sa Đéc",
      "Hồng Ngự",
      "Châu Thành (ĐT)",
      "Lai Vung",
      "Lấp Vò",
      "Tam Nông",
      "Tân Hồng",
      "Thanh Bình",
      "Tháp Mười",
      "Mỹ Tho",
      "Cai Lậy",
      "Gò Công",
      "Cái Bè",
      "Chợ Gạo",
      "Gò Công Đông",
      "Gò Công Tây",
      "Tân Phú Đông",
      "Tân Phước"
    ]
  },
  "TỈNH GIA LAI": {
    "districts": [
      "Pleiku",
      "An Khê",
      "Ayun Pa",
      "Chư Păh",
      "Chư Prông",
      "Chư Pưh",
      "Chư Sê",
      "Đak Đoa",
      "Đak Pơ",
      "Đức Cơ",
      "Ia Grai",
      "Ia Pa",
      "Kbang",
      "Kông Chro",
      "Krông Pa",
      "Mang Yang",
      "Phú Thiện",
      "Quy Nhơn",
      "An Nhơn",
      "Hoài Nhơn",
      "An Lão (BD)",
      "Hoài Ân",
      "Phù Cát",
      "Phù Mỹ",
      "Tây Sơn",
      "Tuy Phước",
      "Vân Canh",
      "Vĩnh Thạnh"
    ]
  },
  "TỈNH HÀ TĨNH": {
    "districts": [
      "Hà Tĩnh",
      "Hồng Lĩnh",
      "Kỳ Anh",
      "Cẩm Xuyên",
      "Can Lộc",
      "Đức Thọ",
      "Hương Khê",
      "Hương Sơn",
      "Lộc Hà",
      "Nghi Xuân",
      "Thạch Hà",
      "Vũ Quang"
    ]
  },
  "TỈNH HƯNG YÊN": {
    "districts": [
      "Hưng Yên",
      "Mỹ Hào",
      "Ân Thi",
      "Khoái Châu",
      "Kim Động",
      "Phù Cừ",
      "Tiên Lữ",
      "Văn Giang",
      "Văn Lâm",
      "Yên Mỹ",
      "Thái Bình",
      "Đông Hưng",
      "Hưng Hà",
      "Kiến Xương",
      "Quỳnh Phụ",
      "Thái Thụy",
      "Tiền Hải",
      "Vũ Thư"
    ]
  },
  "TỈNH KHÁNH HÒA": {
    "districts": [
      "Nha Trang",
      "Cam Ranh",
      "Ninh Hòa",
      "Cam Lâm",
      "Diên Khánh",
      "Khánh Sơn",
      "Khánh Vĩnh",
      "Trường Sa",
      "Vạn Ninh",
      "Phan Rang - Tháp Chàm",
      "Bác Ái",
      "Ninh Hải",
      "Ninh Phước",
      "Ninh Sơn",
      "Thuận Bắc",
      "Thuận Nam"
    ]
  },
  "TỈNH LAI CHÂU": {
    "districts": [
      "Lai Châu",
      "Mường Tè",
      "Nậm Nhùn",
      "Phong Thổ",
      "Sìn Hồ",
      "Tam Đường",
      "Tân Uyên (LC)",
      "Than Uyên"
    ]
  },
  "TỈNH LÂM ĐỒNG": {
    "districts": [
      "Đà Lạt",
      "Bảo Lộc",
      "Bảo Lâm (LD)",
      "Cát Tiên",
      "Đạa Huoai",
      "Đạ Tẻh",
      "Đam Rông",
      "Di Linh",
      "Đơn Dương",
      "Đức Trọng",
      "Lạc Dương",
      "Lâm Hà",
      "Phan Thiết",
      "La Gi",
      "Bắc Bình",
      "Đức Linh",
      "Hàm Tân",
      "Hàm Thuận Bắc",
      "Hàm Thuận Nam",
      "Phú Quý",
      "Tánh Linh",
      "Tuy Phong",
      "Gia Nghĩa",
      "Cư Jút",
      "Đắk Glong",
      "Đắk Mil",
      "Đắk R'lấp",
      "Đắk Song",
      "Krông Nô",
      "Tuy Đức"
    ]
  },
  "TỈNH LẠNG SƠN": {
    "districts": [
      "Lạng Sơn",
      "Bắc Sơn",
      "Bình Gia",
      "Cao Lộc",
      "Chi Lăng",
      "Đình Lập",
      "Hữu Lũng",
      "Lộc Bình",
      "Tràng Định",
      "Văn Lãng",
      "Văn Quan"
    ]
  },
  "TỈNH LÀO CAI": {
    "districts": [
      "Lào Cai",
      "Sa Pa",
      "Bảo Thắng",
      "Bảo Yên",
      "Bát Xát",
      "Bắc Hà",
      "Mường Khương",
      "Si Ma Cai",
      "Văn Bàn",
      "Yên Bái",
      "Nghĩa Lộ",
      "Lục Yên",
      "Mù Cang Chải",
      "Trạm Tấu",
      "Trấn Yên",
      "Văn Chấn",
      "Văn Yên",
      "Yên Bình"
    ]
  },
  "TỈNH NGHỆ AN": {
    "districts": [
      "Vinh",
      "Cửa Lò",
      "Hoàng Mai",
      "Thái Hòa",
      "Anh Sơn",
      "Con Cuông",
      "Diễn Châu",
      "Đô Lương",
      "Hưng Nguyên",
      "Kỳ Sơn",
      "Nam Đàn",
      "Nghi Lộc",
      "Nghĩa Đàn",
      "Quế Phong",
      "Quỳ Châu",
      "Quỳ Hợp",
      "Quỳnh Lưu",
      "Tân Kỳ",
      "Thanh Chương",
      "Tương Dương",
      "Yên Thành"
    ]
  },
  "TỈNH NINH BÌNH": {
    "districts": [
      "Ninh Bình",
      "Tam Điệp",
      "Gia Viễn",
      "Hoa Lư",
      "Kim Sơn",
      "Nho Quan",
      "Yên Khánh",
      "Yên Mô",
      "Nam Định",
      "Giao Thủy",
      "Hải Hậu",
      "Mỹ Lộc",
      "Nam Trực",
      "Nghĩa Hưng",
      "Trực Ninh",
      "Vụ Bản",
      "Xuân Trường",
      "Ý Yên",
      "Phủ Lý",
      "Duy Tiên",
      "Bình Lục",
      "Kim Bảng",
      "Lý Nhân",
      "Thanh Liêm"
    ]
  },
  "TỈNH PHÚ THỌ": {
    "districts": [
      "Việt Trì",
      "Phú Thọ (TX)",
      "Cẩm Khê",
      "Đoan Hùng",
      "Hạ Hòa",
      "Lâm Thao",
      "Phù Ninh",
      "Tam Nông (PT)",
      "Tân Sơn",
      "Thanh Ba",
      "Thanh Sơn",
      "Thanh Thủy",
      "Yên Lập",
      "Vĩnh Yên",
      "Phúc Yên",
      "Bình Xuyên",
      "Lập Thạch",
      "Sông Lô",
      "Tam Đảo",
      "Tam Dương",
      "Vĩnh Tường",
      "Yên Lạc",
      "Hòa Bình (HB)",
      "Cao Phong",
      "Đà Bắc",
      "Kim Bôi",
      "Lạc Sơn",
      "Lạc Thủy",
      "Lương Sơn",
      "Mai Châu",
      "Tân Lạc",
      "Yên Thủy"
    ]
  },
  "TỈNH QUẢNG NGÃI": {
    "districts": [
      "Quảng Ngãi",
      "Đức Phổ",
      "Ba Tơ",
      "Bình Sơn",
      "Lý Sơn",
      "Minh Long",
      "Mộ Đức",
      "Nghĩa Hành",
      "Sơn Hà",
      "Sơn Tây (QN)",
      "Sơn Tịnh",
      "Trà Bồng",
      "Tư Nghĩa",
      "Kon Tum",
      "Đắk Glei",
      "Đắk Hà",
      "Đắk Tô",
      "Ia H'Drai",
      "Kon Plông",
      "Kon Rẫy",
      "Ngọc Hồi",
      "Sa Thầy",
      "Tu Mơ Rông"
    ]
  },
  "TỈNH QUẢNG NINH": {
    "districts": [
      "Hạ Long",
      "Móng Cái",
      "Uông Bí",
      "Cẩm Phả",
      "Quảng Yên",
      "Đông Triều",
      "Ba Chẽ",
      "Bình Liêu",
      "Cô Tô",
      "Đầm Hà",
      "Hải Hà",
      "Tiên Yên",
      "Vân Đồn"
    ]
  },
  "TỈNH QUẢNG TRỊ": {
    "districts": [
      "Đông Hà",
      "Quảng Trị (TX)",
      "Cam Lộ",
      "Cồn Cỏ",
      "Đakrông",
      "Gio Linh",
      "Hải Lăng",
      "Hướng Hóa",
      "Triệu Phong",
      "Vĩnh Linh",
      "Đồng Hới",
      "Ba Đình"
    ]
  },
  "TỈNH SƠN LA": {
    "districts": [
      "Sơn La",
      "Bắc Yên",
      "Mai Sơn",
      "Mộc Châu",
      "Mường La",
      "Phù Yên",
      "Quỳnh Nhai",
      "Sông Mã",
      "Sốp Cộp",
      "Thuận Châu",
      "Vân Hồ",
      "Yên Châu"
    ]
  },
  "TỈNH TÂY NINH": {
    "districts": [
      "Tây Ninh",
      "Hòa Thành",
      "Trảng Bàng",
      "Bến Cầu",
      "Châu Thành (TN)",
      "Dương Minh Châu",
      "Gò Dầu",
      "Tân Biên",
      "Tân Châu (TN)",
      "Tân An",
      "Kiến Tường",
      "Bến Lức",
      "Cần Đước",
      "Cần Giuộc",
      "Châu Thành (LA)",
      "Đức Huệ",
      "Đức Hòa",
      "Mộc Hóa",
      "Tân Hưng",
      "Tân Thạnh",
      "Tân Trụ",
      "Thạnh Hóa",
      "Thủ Thừa",
      "Vĩnh Hưng"
    ]
  },
  "TỈNH THÁI NGUYÊN": {
    "districts": [
      "Thái Nguyên",
      "Phổ Yên",
      "Sông Công",
      "Đại Từ",
      "Định Hóa",
      "Đồng Hỷ",
      "Phú Bình",
      "Phú Lương",
      "Võ Nhai",
      "Bắc Kạn",
      "Ba Bể",
      "Bạch Thông",
      "Chợ Đồn",
      "Chợ Mới (BK)",
      "Na Rì",
      "Ngân Sơn",
      "Pác Nặm"
    ]
  },
  "TỈNH THANH HÓA": {
    "districts": [
      "Thanh Hóa",
      "Sầm Sơn",
      "Bỉm Sơn",
      "Nghi Sơn",
      "Bá Thước",
      "Cẩm Thủy",
      "Đông Sơn",
      "Hà Trung",
      "Hậu Lộc",
      "Hoằng Hóa",
      "Lang Chánh",
      "Mường Lát",
      "Nga Sơn",
      "Ngọc Lặc",
      "Như Thanh",
      "Như Xuân",
      "Nông Cống",
      "Quan Hóa",
      "Quan Sơn",
      "Quảng Xương",
      "Thạch Thành",
      "Thiệu Hóa",
      "Thọ Xuân",
      "Thường Xuân",
      "Triệu Sơn",
      "Vĩnh Lộc",
      "Yên Định"
    ]
  },
  "TỈNH TUYÊN QUANG": {
    "districts": [
      "Tuyên Quang",
      "Chiêm Hóa",
      "Hàm Yên",
      "Lâm Bình",
      "Na Hang",
      "Sơn Dương",
      "Yên Sơn",
      "Hà Giang",
      "Bắc Mê",
      "Bắc Quang",
      "Đồng Văn",
      "Hoàng Su Phì",
      "Mèo Vạc",
      "Quản Bạ",
      "Quang Bình",
      "Vị Xuyên",
      "Xín Mần",
      "Yên Minh"
    ]
  },
  "TỈNH VĨNH LONG": {
    "districts": [
      "Vĩnh Long",
      "Bình Minh",
      "Bình Tân (VL)",
      "Long Hồ",
      "Mang Thít",
      "Tam Bình",
      "Trà Ôn",
      "Vũng Liêm",
      "Trà Vinh",
      "Duyên Hải",
      "Càng Long",
      "Cầu Kè",
      "Cầu Ngang",
      "Châu Thành (TV)",
      "Tiểu Cần",
      "Trà Cú",
      "Bến Tre",
      "Ba Tri",
      "Bình Đại",
      "Châu Thành (BT)",
      "Chợ Lách",
      "Giồng Trôm",
      "Mỏ Cày Bắc",
      "Mỏ Cày Nam",
      "Thạnh Phú"
    ]
  }
}